{
  "accuracy": 0.5541922290388548,
  "macro_f1": 0.5099029019088601,
  "confusion_matrix": [
    [
      124,
      436
    ],
    [
      0,
      418
    ]
  ],
  "classification_report": {
    "0": {
      "precision": 1.0,
      "recall": 0.22142857142857142,
      "f1-score": 0.36257309941520466,
      "support": 560.0
    },
    "1": {
      "precision": 0.4894613583138173,
      "recall": 1.0,
      "f1-score": 0.6572327044025157,
      "support": 418.0
    },
    "accuracy": 0.5541922290388548,
    "macro avg": {
      "precision": 0.7447306791569086,
      "recall": 0.6107142857142858,
      "f1-score": 0.5099029019088601,
      "support": 978.0
    },
    "weighted avg": {
      "precision": 0.7817943228785027,
      "recall": 0.5541922290388548,
      "f1-score": 0.4885114581930124,
      "support": 978.0
    }
  }
}