{
  "accuracy": 0.5276073619631901,
  "macro_f1": 0.5705954620428305,
  "confusion_matrix": [
    [
      124,
      34,
      402
    ],
    [
      0,
      190,
      24
    ],
    [
      0,
      2,
      202
    ]
  ],
  "classification_report": {
    "normal": {
      "precision": 1.0,
      "recall": 0.22142857142857142,
      "f1-score": 0.36257309941520466,
      "support": 560.0
    },
    "open_circuit": {
      "precision": 0.8407079646017699,
      "recall": 0.8878504672897196,
      "f1-score": 0.8636363636363636,
      "support": 214.0
    },
    "shading": {
      "precision": 0.321656050955414,
      "recall": 0.9901960784313726,
      "f1-score": 0.4855769230769231,
      "support": 204.0
    },
    "accuracy": 0.5276073619631901,
    "macro avg": {
      "precision": 0.7207880051857279,
      "recall": 0.6998250390498879,
      "f1-score": 0.5705954620428305,
      "support": 978.0
    },
    "weighted avg": {
      "precision": 0.8236496306949725,
      "recall": 0.5276073619631901,
      "f1-score": 0.49786994866910916,
      "support": 978.0
    }
  }
}