{
  "accuracy": 0.7302325581395349,
  "macro_f1": 0.7141481753163397,
  "confusion_matrix": [
    [
      106,
      114
    ],
    [
      2,
      208
    ]
  ],
  "classification_report": {
    "0": {
      "precision": 0.9814814814814815,
      "recall": 0.4818181818181818,
      "f1-score": 0.6463414634146342,
      "support": 220.0
    },
    "1": {
      "precision": 0.6459627329192547,
      "recall": 0.9904761904761905,
      "f1-score": 0.7819548872180451,
      "support": 210.0
    },
    "accuracy": 0.7302325581395349,
    "macro avg": {
      "precision": 0.8137221072003681,
      "recall": 0.7361471861471862,
      "f1-score": 0.7141481753163397,
      "support": 430.0
    },
    "weighted avg": {
      "precision": 0.8176234879976032,
      "recall": 0.7302325581395349,
      "f1-score": 0.7125712750395556,
      "support": 430.0
    }
  }
}