{
  "accuracy": 0.937799043062201,
  "macro_f1": 0.9377477374269676,
  "confusion_matrix": [
    [
      190,
      24
    ],
    [
      2,
      202
    ]
  ],
  "classification_report": {
    "0": {
      "precision": 0.9895833333333334,
      "recall": 0.8878504672897196,
      "f1-score": 0.9359605911330049,
      "support": 214.0
    },
    "1": {
      "precision": 0.8938053097345132,
      "recall": 0.9901960784313726,
      "f1-score": 0.9395348837209302,
      "support": 204.0
    },
    "accuracy": 0.937799043062201,
    "macro avg": {
      "precision": 0.9416943215339233,
      "recall": 0.9390232728605461,
      "f1-score": 0.9377477374269676,
      "support": 418.0
    },
    "weighted avg": {
      "precision": 0.9428399916726652,
      "recall": 0.937799043062201,
      "f1-score": 0.9377049827309397,
      "support": 418.0
    }
  }
}