{
  "voltage_V_std": 0.0819236412869263,
  "voltage_V_slope": 0.0006103515624999,
  "voltage_V_range": 0.225830078125,
  "voltage_V_delta": 0.0,
  "voltage_V_rel_mean": 0.9647511129097532,
  "voltage_V_rel_last": 0.9680291380008094,
  "voltage_V_pct_change_from_ref": -0.0352488870902468,
  "current_A_std": 0.0161061195873032,
  "current_A_slope": 7.431342534859362e-19,
  "current_A_range": 0.0444641113281198,
  "current_A_delta": 0.0,
  "current_A_rel_mean": 0.9285353535353535,
  "current_A_rel_last": 0.9154040404040404,
  "current_A_pct_change_from_ref": -0.0714646464646464,
  "power_W_std": 1.1478518929590849,
  "power_W_slope": 6.582587957379469e-05,
  "power_W_range": 3.186815604567528,
  "power_W_delta": 0.0,
  "power_W_rel_mean": 0.9298853345747996,
  "power_W_rel_last": 0.9178614505797308,
  "power_W_pct_change_from_ref": -0.0701146654252002,
  "mean_power_over_voltage": 1.3759260616687612,
  "mean_current_over_voltage": 0.024857262804366,
  "low_current_fraction": 0.0,
  "low_power_fraction": 0.0
}