{
  "voltage_V_std": 0.1292101427968676,
  "voltage_V_slope": 0.0012207031249998,
  "voltage_V_range": 0.35400390625,
  "voltage_V_delta": 0.006103515625,
  "voltage_V_rel_mean": 0.9998311116472646,
  "voltage_V_rel_last": 0.9994571445804934,
  "voltage_V_pct_change_from_ref": -0.0001688883527353,
  "current_A_std": 0.0351867670487619,
  "current_A_slope": 9.460449218749466e-05,
  "current_A_range": 0.0946044921875,
  "current_A_delta": 0.0,
  "current_A_rel_mean": 0.9905723905723895,
  "current_A_rel_last": 0.9779040404040438,
  "current_A_pct_change_from_ref": -0.0094276094276103,
  "power_W_std": 2.854395201220392,
  "power_W_slope": 0.0002159550786018,
  "power_W_range": 7.731884717941284,
  "power_W_delta": 0.0,
  "power_W_rel_mean": 0.98995955364281,
  "power_W_rel_last": 0.976356704030018,
  "power_W_pct_change_from_ref": -0.0100404463571899,
  "mean_power_over_voltage": 1.4864277574595075,
  "mean_current_over_voltage": 0.024508779264214,
  "low_current_fraction": 0.0,
  "low_power_fraction": 0.0
}