{
  "accuracy": 0.9784688995215312,
  "macro_f1": 0.978433227276636,
  "confusion_matrix": [
    [
      213,
      1
    ],
    [
      8,
      196
    ]
  ],
  "classification_report": {
    "0": {
      "precision": 0.9638009049773756,
      "recall": 0.9953271028037384,
      "f1-score": 0.9793103448275862,
      "support": 214.0
    },
    "1": {
      "precision": 0.9949238578680203,
      "recall": 0.9607843137254902,
      "f1-score": 0.9775561097256857,
      "support": 204.0
    },
    "accuracy": 0.9784688995215312,
    "macro avg": {
      "precision": 0.9793623814226979,
      "recall": 0.9780557082646143,
      "f1-score": 0.978433227276636,
      "support": 418.0
    },
    "weighted avg": {
      "precision": 0.9789900972972116,
      "recall": 0.9784688995215312,
      "f1-score": 0.9784542109501037,
      "support": 418.0
    }
  }
}