{
  "accuracy": 0.317,
  "macro_f1": 0.3126674184422419,
  "confusion_matrix": [
    [
      0,
      82,
      488
    ],
    [
      0,
      110,
      110
    ],
    [
      0,
      3,
      207
    ]
  ],
  "classification_report": {
    "normal": {
      "precision": 0.0,
      "recall": 0.0,
      "f1-score": 0.0,
      "support": 570.0
    },
    "open_circuit": {
      "precision": 0.5641025641025641,
      "recall": 0.5,
      "f1-score": 0.5301204819277109,
      "support": 220.0
    },
    "shading": {
      "precision": 0.2571428571428571,
      "recall": 0.9857142857142858,
      "f1-score": 0.40788177339901477,
      "support": 210.0
    },
    "accuracy": 0.317,
    "macro avg": {
      "precision": 0.2737484737484737,
      "recall": 0.49523809523809526,
      "f1-score": 0.3126674184422419,
      "support": 1000.0
    },
    "weighted avg": {
      "precision": 0.1781025641025641,
      "recall": 0.317,
      "f1-score": 0.2022816784378895,
      "support": 1000.0
    }
  }
}