{
  "accuracy": 0.7372093023255814,
  "macro_f1": 0.723119704144372,
  "confusion_matrix": [
    [
      110,
      110
    ],
    [
      3,
      207
    ]
  ],
  "classification_report": {
    "0": {
      "precision": 0.9734513274336283,
      "recall": 0.5,
      "f1-score": 0.6606606606606606,
      "support": 220.0
    },
    "1": {
      "precision": 0.6529968454258676,
      "recall": 0.9857142857142858,
      "f1-score": 0.7855787476280834,
      "support": 210.0
    },
    "accuracy": 0.7372093023255814,
    "macro avg": {
      "precision": 0.813224086429748,
      "recall": 0.7428571428571429,
      "f1-score": 0.723119704144372,
      "support": 430.0
    },
    "weighted avg": {
      "precision": 0.8169503013368149,
      "recall": 0.7372093023255814,
      "f1-score": 0.721667168249402,
      "support": 430.0
    }
  }
}