{
  "accuracy": 0.848349687778769,
  "macro_f1": 0.458976833976834,
  "confusion_matrix": [
    [
      951,
      170
    ],
    [
      0,
      0
    ]
  ],
  "classification_report": {
    "0": {
      "precision": 1.0,
      "recall": 0.848349687778769,
      "f1-score": 0.917953667953668,
      "support": 1121.0
    },
    "1": {
      "precision": 0.0,
      "recall": 0.0,
      "f1-score": 0.0,
      "support": 0.0
    },
    "accuracy": 0.848349687778769,
    "macro avg": {
      "precision": 0.5,
      "recall": 0.4241748438893845,
      "f1-score": 0.458976833976834,
      "support": 1121.0
    },
    "weighted avg": {
      "precision": 1.0,
      "recall": 0.848349687778769,
      "f1-score": 0.9179536679536681,
      "support": 1121.0
    }
  }
}