{
  "accuracy": 0.5419222903885481,
  "macro_f1": 0.4922118380062305,
  "confusion_matrix": [
    [
      112,
      448
    ],
    [
      0,
      418
    ]
  ],
  "classification_report": {
    "0": {
      "precision": 1.0,
      "recall": 0.2,
      "f1-score": 0.3333333333333333,
      "support": 560.0
    },
    "1": {
      "precision": 0.48267898383371827,
      "recall": 1.0,
      "f1-score": 0.6510903426791277,
      "support": 418.0
    },
    "accuracy": 0.5419222903885481,
    "macro avg": {
      "precision": 0.7413394919168591,
      "recall": 0.6,
      "f1-score": 0.4922118380062305,
      "support": 978.0
    },
    "weighted avg": {
      "precision": 0.7788955166078674,
      "recall": 0.5419222903885481,
      "f1-score": 0.469143588861495,
      "support": 978.0
    }
  }
}