{
  "accuracy": 0.532719836400818,
  "macro_f1": 0.5707215948500931,
  "confusion_matrix": [
    [
      112,
      42,
      406
    ],
    [
      0,
      213,
      1
    ],
    [
      0,
      8,
      196
    ]
  ],
  "classification_report": {
    "normal": {
      "precision": 1.0,
      "recall": 0.2,
      "f1-score": 0.3333333333333333,
      "support": 560.0
    },
    "open_circuit": {
      "precision": 0.8098859315589354,
      "recall": 0.9953271028037384,
      "f1-score": 0.8930817610062893,
      "support": 214.0
    },
    "shading": {
      "precision": 0.3250414593698176,
      "recall": 0.9607843137254902,
      "f1-score": 0.4857496902106567,
      "support": 204.0
    },
    "accuracy": 0.532719836400818,
    "macro avg": {
      "precision": 0.7116424636429176,
      "recall": 0.7187038055097429,
      "f1-score": 0.5707215948500931,
      "support": 978.0
    },
    "weighted avg": {
      "precision": 0.8176115000665183,
      "recall": 0.532719836400818,
      "f1-score": 0.48760644205008846,
      "support": 978.0
    }
  }
}