{
  "voltage_V_std": 0.0861626369141521,
  "voltage_V_slope": -0.0050000000000023,
  "voltage_V_range": 0.2400000000000002,
  "voltage_V_delta": -0.0200000000000013,
  "voltage_V_rel_mean": 1.020138888888889,
  "voltage_V_rel_last": 1.020138888888889,
  "voltage_V_pct_change_from_ref": 0.0201388888888889,
  "current_A_std": 0.0352175297259759,
  "current_A_slope": -3.275073614805592e-20,
  "current_A_range": 0.0938,
  "current_A_delta": -9.999999999999994e-05,
  "current_A_rel_mean": 0.9693441236864356,
  "current_A_rel_last": 0.9902162096871604,
  "current_A_pct_change_from_ref": -0.0306558763135643,
  "power_W_std": 0.5257223601864389,
  "power_W_slope": -1.9171734870171557e-19,
  "power_W_range": 1.42,
  "power_W_delta": 0.0,
  "power_W_rel_mean": 0.9959322033898304,
  "power_W_rel_last": 1.0033898305084743,
  "power_W_pct_change_from_ref": -0.0040677966101694,
  "mean_power_over_voltage": 0.4030160486995019,
  "mean_current_over_voltage": 0.0274302559677883,
  "low_current_fraction": 0.0,
  "low_power_fraction": 0.0
}