{
  "voltage_V_std": 0.0775628777186616,
  "voltage_V_slope": -0.0060000000000022,
  "voltage_V_range": 0.2199999999999988,
  "voltage_V_delta": -0.0200000000000013,
  "voltage_V_rel_mean": 1.0012499999999998,
  "voltage_V_rel_last": 1.0020833333333332,
  "voltage_V_pct_change_from_ref": 0.0012499999999998,
  "current_A_std": 0.0214366415280005,
  "current_A_slope": -4.7656057750287184e-20,
  "current_A_range": 0.0598999999999999,
  "current_A_delta": 0.0,
  "current_A_rel_mean": 0.8947457422394008,
  "current_A_rel_last": 0.9088054112815556,
  "current_A_pct_change_from_ref": -0.1052542577605991,
  "power_W_std": 0.2900068964697218,
  "power_W_slope": -1.9171734870171557e-19,
  "power_W_range": 0.8099999999999996,
  "power_W_delta": 0.0,
  "power_W_rel_mean": 0.8593220338983051,
  "power_W_rel_last": 0.8627118644067796,
  "power_W_pct_change_from_ref": -0.1406779661016949,
  "mean_power_over_voltage": 0.3718933574333484,
  "mean_current_over_voltage": 0.0269483703490049,
  "low_current_fraction": 0.0,
  "low_power_fraction": 0.0
}