{
  "model_root": "D:\\FYP\\Final_defence\\25_03_2026_unifyingdatasets\\pv_fault_fyp\\models\\xgb\\target_only",
  "feature_cols": [
    "voltage_V_std",
    "voltage_V_slope",
    "voltage_V_range",
    "voltage_V_delta",
    "voltage_V_rel_mean",
    "voltage_V_rel_last",
    "voltage_V_pct_change_from_ref",
    "current_A_std",
    "current_A_slope",
    "current_A_range",
    "current_A_delta",
    "current_A_rel_mean",
    "current_A_rel_last",
    "current_A_pct_change_from_ref",
    "power_W_std",
    "power_W_slope",
    "power_W_range",
    "power_W_delta",
    "power_W_rel_mean",
    "power_W_rel_last",
    "power_W_pct_change_from_ref",
    "mean_power_over_voltage",
    "mean_current_over_voltage",
    "low_current_fraction",
    "low_power_fraction"
  ],
  "stage1_fill_medians": {
    "voltage_V_std": 0.0861626369141521,
    "voltage_V_slope": -0.0050000000000023,
    "voltage_V_range": 0.2400000000000002,
    "voltage_V_delta": -0.0200000000000013,
    "voltage_V_rel_mean": 1.020138888888889,
    "voltage_V_rel_last": 1.020138888888889,
    "voltage_V_pct_change_from_ref": 0.0201388888888889,
    "current_A_std": 0.0352175297259759,
    "current_A_slope": -3.275073614805592e-20,
    "current_A_range": 0.0938,
    "current_A_delta": -9.999999999999994e-05,
    "current_A_rel_mean": 0.9693441236864356,
    "current_A_rel_last": 0.9902162096871604,
    "current_A_pct_change_from_ref": -0.0306558763135643,
    "power_W_std": 0.5257223601864389,
    "power_W_slope": -1.9171734870171557e-19,
    "power_W_range": 1.42,
    "power_W_delta": 0.0,
    "power_W_rel_mean": 0.9959322033898304,
    "power_W_rel_last": 1.0033898305084743,
    "power_W_pct_change_from_ref": -0.0040677966101694,
    "mean_power_over_voltage": 0.4030160486995019,
    "mean_current_over_voltage": 0.0274302559677883,
    "low_current_fraction": 0.0,
    "low_power_fraction": 0.0
  },
  "stage2_fill_medians": {
    "voltage_V_std": 0.0775628777186616,
    "voltage_V_slope": -0.0060000000000022,
    "voltage_V_range": 0.2199999999999988,
    "voltage_V_delta": -0.0200000000000013,
    "voltage_V_rel_mean": 1.0012499999999998,
    "voltage_V_rel_last": 1.0020833333333332,
    "voltage_V_pct_change_from_ref": 0.0012499999999998,
    "current_A_std": 0.0214366415280005,
    "current_A_slope": -4.7656057750287184e-20,
    "current_A_range": 0.0598999999999999,
    "current_A_delta": 0.0,
    "current_A_rel_mean": 0.8947457422394008,
    "current_A_rel_last": 0.9088054112815556,
    "current_A_pct_change_from_ref": -0.1052542577605991,
    "power_W_std": 0.2900068964697218,
    "power_W_slope": -1.9171734870171557e-19,
    "power_W_range": 0.8099999999999996,
    "power_W_delta": 0.0,
    "power_W_rel_mean": 0.8593220338983051,
    "power_W_rel_last": 0.8627118644067796,
    "power_W_pct_change_from_ref": -0.1406779661016949,
    "mean_power_over_voltage": 0.3718933574333484,
    "mean_current_over_voltage": 0.0269483703490049,
    "low_current_fraction": 0.0,
    "low_power_fraction": 0.0
  },
  "window_size": 5,
  "best_hw_params": {
    "enter_th": 0.45,
    "exit_th": 0.25,
    "k_on": 3,
    "k_off": 3,
    "shade_th": 0.55,
    "shade_fault_prob_min": 0.55,
    "shade_power_rel_max": 0.8,
    "shade_current_rel_max": 0.85,
    "shade_low_power_min": 0.0,
    "oc_current_frac_th": 0.8,
    "oc_power_frac_th": 0.8
  },
  "notes": [
    "Use target_only XGBoost models for deployment.",
    "Open-circuit is protected by hard rule + hysteresis.",
    "Shading entry is stricter to reduce normal->shading false alarms."
  ]
}